Datetime,GR_solar_generation
2024-01-01 00:00:00+00:00,0.0
2024-01-01 01:00:00+00:00,0.0
2024-01-01 02:00:00+00:00,0.0
2024-01-01 03:00:00+00:00,0.0
2024-01-01 04:00:00+00:00,0.0
2024-01-01 05:00:00+00:00,0.0
2024-01-01 06:00:00+00:00,0.0
2024-01-01 07:00:00+00:00,0.1725310334465268
2024-01-01 08:00:00+00:00,0.33957141984314804
2024-01-01 09:00:00+00:00,0.11942952080461622
2024-01-01 10:00:00+00:00,0.3428695808820131
2024-01-01 11:00:00+00:00,0.3191879086866257
2024-01-01 12:00:00+00:00,0.3648336905618069
2024-01-01 13:00:00+00:00,0.30441295170468385
2024-01-01 14:00:00+00:00,0.08166664523140663
2024-01-01 15:00:00+00:00,0.0
2024-01-01 16:00:00+00:00,0.0
2024-01-01 17:00:00+00:00,0.0
2024-01-01 18:00:00+00:00,0.0
2024-01-01 19:00:00+00:00,0.0
2024-01-01 20:00:00+00:00,0.0
2024-01-01 21:00:00+00:00,0.0
2024-01-01 22:00:00+00:00,0.0
2024-01-01 23:00:00+00:00,0.0
2024-01-02 00:00:00+00:00,0.0
2024-01-02 01:00:00+00:00,0.0
2024-01-02 02:00:00+00:00,0.0
2024-01-02 03:00:00+00:00,0.0
2024-01-02 04:00:00+00:00,0.0
2024-01-02 05:00:00+00:00,0.0
2024-01-02 06:00:00+00:00,0.0
2024-01-02 07:00:00+00:00,0.12437885183882225
2024-01-02 08:00:00+00:00,0.2720941701452252
2024-01-02 09:00:00+00:00,0.4900869124994582
2024-01-02 10:00:00+00:00,0.5468480282387246
2024-01-02 11:00:00+00:00,0.38692249606603873
2024-01-02 12:00:00+00:00,0.4539131888810459
2024-01-02 13:00:00+00:00,0.29126460714212865
2024-01-02 14:00:00+00:00,0.11479872749395377
2024-01-02 15:00:00+00:00,0.0
2024-01-02 16:00:00+00:00,0.0
2024-01-02 17:00:00+00:00,0.0
2024-01-02 18:00:00+00:00,0.0
2024-01-02 19:00:00+00:00,0.0
2024-01-02 20:00:00+00:00,0.0
2024-01-02 21:00:00+00:00,0.0
2024-01-02 22:00:00+00:00,0.0
2024-01-02 23:00:00+00:00,0.0
2024-01-03 00:00:00+00:00,0.0
2024-01-03 01:00:00+00:00,0.0
2024-01-03 02:00:00+00:00,0.0
2024-01-03 03:00:00+00:00,0.0
2024-01-03 04:00:00+00:00,0.0
2024-01-03 05:00:00+00:00,0.0
2024-01-03 06:00:00+00:00,0.0
2024-01-03 07:00:00+00:00,0.17414764702026572
2024-01-03 08:00:00+00:00,0.35636211712631316
2024-01-03 09:00:00+00:00,0.4942520146292373
2024-01-03 10:00:00+00:00,0.5568391994450275
2024-01-03 11:00:00+00:00,0.5619805714023763
2024-01-03 12:00:00+00:00,0.47951526190512206
2024-01-03 13:00:00+00:00,0.3279348101132136
2024-01-03 14:00:00+00:00,0.12334106430913858
2024-01-03 15:00:00+00:00,0.0
2024-01-03 16:00:00+00:00,0.0
2024-01-03 17:00:00+00:00,0.0
2024-01-03 18:00:00+00:00,0.0
2024-01-03 19:00:00+00:00,0.0
2024-01-03 20:00:00+00:00,0.0
2024-01-03 21:00:00+00:00,0.0
2024-01-03 22:00:00+00:00,0.0
2024-01-03 23:00:00+00:00,0.0
2024-01-04 00:00:00+00:00,0.0
2024-01-04 01:00:00+00:00,0.0
2024-01-04 02:00:00+00:00,0.0
2024-01-04 03:00:00+00:00,0.0
2024-01-04 04:00:00+00:00,0.0
2024-01-04 05:00:00+00:00,0.0
2024-01-04 06:00:00+00:00,0.0
2024-01-04 07:00:00+00:00,0.09743606432862162
2024-01-04 08:00:00+00:00,0.14870340674134502
2024-01-04 09:00:00+00:00,0.18589086459199933
2024-01-04 10:00:00+00:00,0.2980692121710204
2024-01-04 11:00:00+00:00,0.26087753976107186
2024-01-04 12:00:00+00:00,0.2639512972476492
2024-01-04 13:00:00+00:00,0.18106663000608825
2024-01-04 14:00:00+00:00,0.1326724096976873
2024-01-04 15:00:00+00:00,0.0
2024-01-04 16:00:00+00:00,0.0
2024-01-04 17:00:00+00:00,0.0
2024-01-04 18:00:00+00:00,0.0
2024-01-04 19:00:00+00:00,0.0
2024-01-04 20:00:00+00:00,0.0
2024-01-04 21:00:00+00:00,0.0
2024-01-04 22:00:00+00:00,0.0
2024-01-04 23:00:00+00:00,0.0
2024-01-05 00:00:00+00:00,0.0
2024-01-05 01:00:00+00:00,0.0
2024-01-05 02:00:00+00:00,0.0
2024-01-05 03:00:00+00:00,0.0
2024-01-05 04:00:00+00:00,0.0
2024-01-05 05:00:00+00:00,0.0
2024-01-05 06:00:00+00:00,0.0
2024-01-05 07:00:00+00:00,0.09936568019777331
2024-01-05 08:00:00+00:00,0.22534652594289145
2024-01-05 09:00:00+00:00,0.23801724239638503
2024-01-05 10:00:00+00:00,0.19301496060709122
2024-01-05 11:00:00+00:00,0.5052821408086727
2024-01-05 12:00:00+00:00,0.3551558981741989
2024-01-05 13:00:00+00:00,0.35223039538626016
2024-01-05 14:00:00+00:00,0.14879521451672936
2024-01-05 15:00:00+00:00,0.0
2024-01-05 16:00:00+00:00,0.0
2024-01-05 17:00:00+00:00,0.0
2024-01-05 18:00:00+00:00,0.0
2024-01-05 19:00:00+00:00,0.0
2024-01-05 20:00:00+00:00,0.0
2024-01-05 21:00:00+00:00,0.0
2024-01-05 22:00:00+00:00,0.0
2024-01-05 23:00:00+00:00,0.0
2024-01-06 00:00:00+00:00,0.0
2024-01-06 01:00:00+00:00,0.0
2024-01-06 02:00:00+00:00,0.0
2024-01-06 03:00:00+00:00,0.0
2024-01-06 04:00:00+00:00,0.0
2024-01-06 05:00:00+00:00,0.0
2024-01-06 06:00:00+00:00,0.0
2024-01-06 07:00:00+00:00,0.11058192482168573
2024-01-06 08:00:00+00:00,0.21353719012603384
2024-01-06 09:00:00+00:00,0.30277951991046753
2024-01-06 10:00:00+00:00,0.3030088016258305
2024-01-06 11:00:00+00:00,0.365884405717244
2024-01-06 12:00:00+00:00,0.3226292713506286
2024-01-06 13:00:00+00:00,0.3169147981198424
2024-01-06 14:00:00+00:00,0.1303592612170498
2024-01-06 15:00:00+00:00,0.0
2024-01-06 16:00:00+00:00,0.0
2024-01-06 17:00:00+00:00,0.0
2024-01-06 18:00:00+00:00,0.0
2024-01-06 19:00:00+00:00,0.0
2024-01-06 20:00:00+00:00,0.0
2024-01-06 21:00:00+00:00,0.0
2024-01-06 22:00:00+00:00,0.0
2024-01-06 23:00:00+00:00,0.0
2024-01-07 00:00:00+00:00,0.0
2024-01-07 01:00:00+00:00,0.0
2024-01-07 02:00:00+00:00,0.0
2024-01-07 03:00:00+00:00,0.0
2024-01-07 04:00:00+00:00,0.0
2024-01-07 05:00:00+00:00,0.0
2024-01-07 06:00:00+00:00,0.0
2024-01-07 07:00:00+00:00,0.17166636353989947
2024-01-07 08:00:00+00:00,0.3543157553326201
2024-01-07 09:00:00+00:00,0.48600696152671147
2024-01-07 10:00:00+00:00,0.5441540102901097
2024-01-07 11:00:00+00:00,0.5503105403821095
2024-01-07 12:00:00+00:00,0.47649319153285663
2024-01-07 13:00:00+00:00,0.3237263848252962
2024-01-07 14:00:00+00:00,0.10552483277147864
2024-01-07 15:00:00+00:00,0.0
2024-01-07 16:00:00+00:00,0.0
2024-01-07 17:00:00+00:00,0.0
2024-01-07 18:00:00+00:00,0.0
2024-01-07 19:00:00+00:00,0.0
2024-01-07 20:00:00+00:00,0.0
2024-01-07 21:00:00+00:00,0.0
2024-01-07 22:00:00+00:00,0.0
2024-01-07 23:00:00+00:00,0.0
2024-01-08 00:00:00+00:00,0.0
2024-01-08 01:00:00+00:00,0.0
2024-01-08 02:00:00+00:00,0.0
2024-01-08 03:00:00+00:00,0.0
2024-01-08 04:00:00+00:00,0.0
2024-01-08 05:00:00+00:00,0.0
2024-01-08 06:00:00+00:00,0.0
2024-01-08 07:00:00+00:00,0.12633195325975358
2024-01-08 08:00:00+00:00,0.2741177251335155
2024-01-08 09:00:00+00:00,0.24290808180880938
2024-01-08 10:00:00+00:00,0.34328143423414337
2024-01-08 11:00:00+00:00,0.3781563130142344
2024-01-08 12:00:00+00:00,0.10616909276789141
2024-01-08 13:00:00+00:00,0.19229731992323454
2024-01-08 14:00:00+00:00,0.10141337134453453
2024-01-08 15:00:00+00:00,0.0
2024-01-08 16:00:00+00:00,0.0
2024-01-08 17:00:00+00:00,0.0
2024-01-08 18:00:00+00:00,0.0
2024-01-08 19:00:00+00:00,0.0
2024-01-08 20:00:00+00:00,0.0
2024-01-08 21:00:00+00:00,0.0
2024-01-08 22:00:00+00:00,0.0
2024-01-08 23:00:00+00:00,0.0
2024-01-09 00:00:00+00:00,0.0
2024-01-09 01:00:00+00:00,0.0
2024-01-09 02:00:00+00:00,0.0
2024-01-09 03:00:00+00:00,0.0
2024-01-09 04:00:00+00:00,0.0
2024-01-09 05:00:00+00:00,0.0
2024-01-09 06:00:00+00:00,0.0
2024-01-09 07:00:00+00:00,0.1736237125927428
2024-01-09 08:00:00+00:00,0.35807899306897223
2024-01-09 09:00:00+00:00,0.49298138319229745
2024-01-09 10:00:00+00:00,0.5747922751832735
2024-01-09 11:00:00+00:00,0.550710643545424
2024-01-09 12:00:00+00:00,0.4765527948566467
2024-01-09 13:00:00+00:00,0.3416959974843896
2024-01-09 14:00:00+00:00,0.13282602527120432
2024-01-09 15:00:00+00:00,0.0
2024-01-09 16:00:00+00:00,0.0
2024-01-09 17:00:00+00:00,0.0
2024-01-09 18:00:00+00:00,0.0
2024-01-09 19:00:00+00:00,0.0
2024-01-09 20:00:00+00:00,0.0
2024-01-09 21:00:00+00:00,0.0
2024-01-09 22:00:00+00:00,0.0
2024-01-09 23:00:00+00:00,0.0
2024-01-10 00:00:00+00:00,0.0
2024-01-10 01:00:00+00:00,0.0
2024-01-10 02:00:00+00:00,0.0
2024-01-10 03:00:00+00:00,0.0
2024-01-10 04:00:00+00:00,0.0
2024-01-10 05:00:00+00:00,0.0
2024-01-10 06:00:00+00:00,0.0
2024-01-10 07:00:00+00:00,0.17649364188801417
2024-01-10 08:00:00+00:00,0.3608535846402786
2024-01-10 09:00:00+00:00,0.4938876684571446
2024-01-10 10:00:00+00:00,0.554393741114695
2024-01-10 11:00:00+00:00,0.48395058646600864
2024-01-10 12:00:00+00:00,0.466946092610543
2024-01-10 13:00:00+00:00,0.3574026216427256
2024-01-10 14:00:00+00:00,0.1501448727968997
2024-01-10 15:00:00+00:00,0.0
2024-01-10 16:00:00+00:00,0.0
2024-01-10 17:00:00+00:00,0.0
2024-01-10 18:00:00+00:00,0.0
2024-01-10 19:00:00+00:00,0.0
2024-01-10 20:00:00+00:00,0.0
2024-01-10 21:00:00+00:00,0.0
2024-01-10 22:00:00+00:00,0.0
2024-01-10 23:00:00+00:00,0.0
2024-01-11 00:00:00+00:00,0.0
2024-01-11 01:00:00+00:00,0.0
2024-01-11 02:00:00+00:00,0.0
2024-01-11 03:00:00+00:00,0.0
2024-01-11 04:00:00+00:00,0.0
2024-01-11 05:00:00+00:00,0.0
2024-01-11 06:00:00+00:00,0.0
2024-01-11 07:00:00+00:00,0.15895519589538945
2024-01-11 08:00:00+00:00,0.19428556177453585
2024-01-11 09:00:00+00:00,0.38697303795794713
2024-01-11 10:00:00+00:00,0.555691729676822
2024-01-11 11:00:00+00:00,0.5535038464504555
2024-01-11 12:00:00+00:00,0.4262192973707907
2024-01-11 13:00:00+00:00,0.25829391128245216
2024-01-11 14:00:00+00:00,0.14056221748785094
2024-01-11 15:00:00+00:00,0.0
2024-01-11 16:00:00+00:00,0.0
2024-01-11 17:00:00+00:00,0.0
2024-01-11 18:00:00+00:00,0.0
2024-01-11 19:00:00+00:00,0.0
2024-01-11 20:00:00+00:00,0.0
2024-01-11 21:00:00+00:00,0.0
2024-01-11 22:00:00+00:00,0.0
2024-01-11 23:00:00+00:00,0.0
2024-01-12 00:00:00+00:00,0.0
2024-01-12 01:00:00+00:00,0.0
2024-01-12 02:00:00+00:00,0.0
2024-01-12 03:00:00+00:00,0.0
2024-01-12 04:00:00+00:00,0.0
2024-01-12 05:00:00+00:00,0.0
2024-01-12 06:00:00+00:00,0.0
2024-01-12 07:00:00+00:00,0.17997623782219638
2024-01-12 08:00:00+00:00,0.3665290277493593
2024-01-12 09:00:00+00:00,0.5064228767820138
2024-01-12 10:00:00+00:00,0.5765587394963769
2024-01-12 11:00:00+00:00,0.5760288124016946
2024-01-12 12:00:00+00:00,0.5025569968752334
2024-01-12 13:00:00+00:00,0.3566348355214817
2024-01-12 14:00:00+00:00,0.14483110984566946
2024-01-12 15:00:00+00:00,0.0
2024-01-12 16:00:00+00:00,0.0
2024-01-12 17:00:00+00:00,0.0
2024-01-12 18:00:00+00:00,0.0
2024-01-12 19:00:00+00:00,0.0
2024-01-12 20:00:00+00:00,0.0
2024-01-12 21:00:00+00:00,0.0
2024-01-12 22:00:00+00:00,0.0
2024-01-12 23:00:00+00:00,0.0
2024-01-13 00:00:00+00:00,0.0
2024-01-13 01:00:00+00:00,0.0
2024-01-13 02:00:00+00:00,0.0
2024-01-13 03:00:00+00:00,0.0
2024-01-13 04:00:00+00:00,0.0
2024-01-13 05:00:00+00:00,0.0
2024-01-13 06:00:00+00:00,0.0014878846146190873
2024-01-13 07:00:00+00:00,0.17862281251340997
2024-01-13 08:00:00+00:00,0.3602443191567879
2024-01-13 09:00:00+00:00,0.3942911306230624
2024-01-13 10:00:00+00:00,0.38826119471939513
2024-01-13 11:00:00+00:00,0.31701290673536375
2024-01-13 12:00:00+00:00,0.4275162063355027
2024-01-13 13:00:00+00:00,0.3182504216002345
2024-01-13 14:00:00+00:00,0.144489642672749
2024-01-13 15:00:00+00:00,0.0
2024-01-13 16:00:00+00:00,0.0
2024-01-13 17:00:00+00:00,0.0
2024-01-13 18:00:00+00:00,0.0
2024-01-13 19:00:00+00:00,0.0
2024-01-13 20:00:00+00:00,0.0
2024-01-13 21:00:00+00:00,0.0
2024-01-13 22:00:00+00:00,0.0
2024-01-13 23:00:00+00:00,0.0
2024-01-14 00:00:00+00:00,0.0
2024-01-14 01:00:00+00:00,0.0
2024-01-14 02:00:00+00:00,0.0
2024-01-14 03:00:00+00:00,0.0
2024-01-14 04:00:00+00:00,0.0
2024-01-14 05:00:00+00:00,0.0
2024-01-14 06:00:00+00:00,0.0
2024-01-14 07:00:00+00:00,0.096034739354943
2024-01-14 08:00:00+00:00,0.11259429168985854
2024-01-14 09:00:00+00:00,0.14234386056643064
2024-01-14 10:00:00+00:00,0.15234798961479806
2024-01-14 11:00:00+00:00,0.07394803325986767
2024-01-14 12:00:00+00:00,0.23181689590465102
2024-01-14 13:00:00+00:00,0.2469027401071422
2024-01-14 14:00:00+00:00,0.1521834194503945
2024-01-14 15:00:00+00:00,0.0
2024-01-14 16:00:00+00:00,0.0
2024-01-14 17:00:00+00:00,0.0
2024-01-14 18:00:00+00:00,0.0
2024-01-14 19:00:00+00:00,0.0
2024-01-14 20:00:00+00:00,0.0
2024-01-14 21:00:00+00:00,0.0
2024-01-14 22:00:00+00:00,0.0
2024-01-14 23:00:00+00:00,0.0
2024-01-15 00:00:00+00:00,0.0
2024-01-15 01:00:00+00:00,0.0
2024-01-15 02:00:00+00:00,0.0
2024-01-15 03:00:00+00:00,0.0
2024-01-15 04:00:00+00:00,0.0
2024-01-15 05:00:00+00:00,0.0
2024-01-15 06:00:00+00:00,0.0028850794547480027
2024-01-15 07:00:00+00:00,0.18463090725979237
2024-01-15 08:00:00+00:00,0.3773607905348903
2024-01-15 09:00:00+00:00,0.5167619669562671
2024-01-15 10:00:00+00:00,0.573298842922583
2024-01-15 11:00:00+00:00,0.5729843910354578
2024-01-15 12:00:00+00:00,0.49776298833771027
2024-01-15 13:00:00+00:00,0.3522459502573804
2024-01-15 14:00:00+00:00,0.14315744159313393
2024-01-15 15:00:00+00:00,0.0
2024-01-15 16:00:00+00:00,0.0
2024-01-15 17:00:00+00:00,0.0
2024-01-15 18:00:00+00:00,0.0
2024-01-15 19:00:00+00:00,0.0
2024-01-15 20:00:00+00:00,0.0
2024-01-15 21:00:00+00:00,0.0
2024-01-15 22:00:00+00:00,0.0
2024-01-15 23:00:00+00:00,0.0
2024-01-16 00:00:00+00:00,0.0
2024-01-16 01:00:00+00:00,0.0
2024-01-16 02:00:00+00:00,0.0
2024-01-16 03:00:00+00:00,0.0
2024-01-16 04:00:00+00:00,0.0
2024-01-16 05:00:00+00:00,0.0
2024-01-16 06:00:00+00:00,0.005316682476266321
2024-01-16 07:00:00+00:00,0.1700221751950686
2024-01-16 08:00:00+00:00,0.30749007096466074
2024-01-16 09:00:00+00:00,0.33009758287166374
2024-01-16 10:00:00+00:00,0.32077577276851
2024-01-16 11:00:00+00:00,0.2529330551969126
2024-01-16 12:00:00+00:00,0.41459874215740916
2024-01-16 13:00:00+00:00,0.33812306852837704
2024-01-16 14:00:00+00:00,0.1780294103313036
2024-01-16 15:00:00+00:00,0.009182661063668619
2024-01-16 16:00:00+00:00,0.0
2024-01-16 17:00:00+00:00,0.0
2024-01-16 18:00:00+00:00,0.0
2024-01-16 19:00:00+00:00,0.0
2024-01-16 20:00:00+00:00,0.0
2024-01-16 21:00:00+00:00,0.0
2024-01-16 22:00:00+00:00,0.0
2024-01-16 23:00:00+00:00,0.0
2024-01-17 00:00:00+00:00,0.0
2024-01-17 01:00:00+00:00,0.0
2024-01-17 02:00:00+00:00,0.0
2024-01-17 03:00:00+00:00,0.0
2024-01-17 04:00:00+00:00,0.0
2024-01-17 05:00:00+00:00,0.0
2024-01-17 06:00:00+00:00,0.0023010729158682466
2024-01-17 07:00:00+00:00,0.11479885903256519
2024-01-17 08:00:00+00:00,0.23236108901197566
2024-01-17 09:00:00+00:00,0.5073316071739317
2024-01-17 10:00:00+00:00,0.4522699284954704
2024-01-17 11:00:00+00:00,0.33789119996058886
2024-01-17 12:00:00+00:00,0.502324133125701
2024-01-17 13:00:00+00:00,0.286987945948523
2024-01-17 14:00:00+00:00,0.09929450194029059
2024-01-17 15:00:00+00:00,0.00805960438116695
2024-01-17 16:00:00+00:00,0.0
2024-01-17 17:00:00+00:00,0.0
2024-01-17 18:00:00+00:00,0.0
2024-01-17 19:00:00+00:00,0.0
2024-01-17 20:00:00+00:00,0.0
2024-01-17 21:00:00+00:00,0.0
2024-01-17 22:00:00+00:00,0.0
2024-01-17 23:00:00+00:00,0.0
2024-01-18 00:00:00+00:00,0.0
2024-01-18 01:00:00+00:00,0.0
2024-01-18 02:00:00+00:00,0.0
2024-01-18 03:00:00+00:00,0.0
2024-01-18 04:00:00+00:00,0.0
2024-01-18 05:00:00+00:00,0.0
2024-01-18 06:00:00+00:00,0.009754499637346542
2024-01-18 07:00:00+00:00,0.17168381328104632
2024-01-18 08:00:00+00:00,0.35324708674580885
2024-01-18 09:00:00+00:00,0.2718439186157852
2024-01-18 10:00:00+00:00,0.3155056821229946
2024-01-18 11:00:00+00:00,0.4445181105516286
2024-01-18 12:00:00+00:00,0.4294830844875023
2024-01-18 13:00:00+00:00,0.2837388867000591
2024-01-18 14:00:00+00:00,0.12783186129572807
2024-01-18 15:00:00+00:00,0.012752809040559237
2024-01-18 16:00:00+00:00,0.0
2024-01-18 17:00:00+00:00,0.0
2024-01-18 18:00:00+00:00,0.0
2024-01-18 19:00:00+00:00,0.0
2024-01-18 20:00:00+00:00,0.0
2024-01-18 21:00:00+00:00,0.0
2024-01-18 22:00:00+00:00,0.0
2024-01-18 23:00:00+00:00,0.0
2024-01-19 00:00:00+00:00,0.0
2024-01-19 01:00:00+00:00,0.0
2024-01-19 02:00:00+00:00,0.0
2024-01-19 03:00:00+00:00,0.0
2024-01-19 04:00:00+00:00,0.0
2024-01-19 05:00:00+00:00,0.0
2024-01-19 06:00:00+00:00,0.009138151232005134
2024-01-19 07:00:00+00:00,0.1886596027041449
2024-01-19 08:00:00+00:00,0.38055879341650933
2024-01-19 09:00:00+00:00,0.5271770235736841
2024-01-19 10:00:00+00:00,0.6002644731100861
2024-01-19 11:00:00+00:00,0.6050904378622382
2024-01-19 12:00:00+00:00,0.5349860513673017
2024-01-19 13:00:00+00:00,0.39661809399376247
2024-01-19 14:00:00+00:00,0.18159185840008024
2024-01-19 15:00:00+00:00,0.014661656073276068
2024-01-19 16:00:00+00:00,0.0
2024-01-19 17:00:00+00:00,0.0
2024-01-19 18:00:00+00:00,0.0
2024-01-19 19:00:00+00:00,0.0
2024-01-19 20:00:00+00:00,0.0
2024-01-19 21:00:00+00:00,0.0
2024-01-19 22:00:00+00:00,0.0
2024-01-19 23:00:00+00:00,0.0
2024-01-20 00:00:00+00:00,0.0
2024-01-20 01:00:00+00:00,0.0
2024-01-20 02:00:00+00:00,0.0
2024-01-20 03:00:00+00:00,0.0
2024-01-20 04:00:00+00:00,0.0
2024-01-20 05:00:00+00:00,0.0
2024-01-20 06:00:00+00:00,0.011378808152631656
2024-01-20 07:00:00+00:00,0.19217469855258598
2024-01-20 08:00:00+00:00,0.387895824760346
2024-01-20 09:00:00+00:00,0.5311802250757524
2024-01-20 10:00:00+00:00,0.6043513123463536
2024-01-20 11:00:00+00:00,0.6054275619590097
2024-01-20 12:00:00+00:00,0.5225582773474566
2024-01-20 13:00:00+00:00,0.3862556317788863
2024-01-20 14:00:00+00:00,0.17435068147565802
2024-01-20 15:00:00+00:00,0.011044564936039872
2024-01-20 16:00:00+00:00,0.0
2024-01-20 17:00:00+00:00,0.0
2024-01-20 18:00:00+00:00,0.0
2024-01-20 19:00:00+00:00,0.0
2024-01-20 20:00:00+00:00,0.0
2024-01-20 21:00:00+00:00,0.0
2024-01-20 22:00:00+00:00,0.0
2024-01-20 23:00:00+00:00,0.0
2024-01-21 00:00:00+00:00,0.0
2024-01-21 01:00:00+00:00,0.0
2024-01-21 02:00:00+00:00,0.0
2024-01-21 03:00:00+00:00,0.0
2024-01-21 04:00:00+00:00,0.0
2024-01-21 05:00:00+00:00,0.0
2024-01-21 06:00:00+00:00,0.011643933577590955
2024-01-21 07:00:00+00:00,0.19720406185188602
2024-01-21 08:00:00+00:00,0.38891980927750663
2024-01-21 09:00:00+00:00,0.535142968743035
2024-01-21 10:00:00+00:00,0.6103083902839784
2024-01-21 11:00:00+00:00,0.617537296353827
2024-01-21 12:00:00+00:00,0.5489626155798004
2024-01-21 13:00:00+00:00,0.0
2024-01-21 14:00:00+00:00,0.0
2024-01-21 15:00:00+00:00,0.021093243233075994
2024-01-21 16:00:00+00:00,0.0
2024-01-21 17:00:00+00:00,0.0
2024-01-21 18:00:00+00:00,0.0
2024-01-21 19:00:00+00:00,0.0
2024-01-21 20:00:00+00:00,0.0
2024-01-21 21:00:00+00:00,0.0
2024-01-21 22:00:00+00:00,0.0
2024-01-21 23:00:00+00:00,0.0
2024-01-22 00:00:00+00:00,0.0
2024-01-22 01:00:00+00:00,0.0
2024-01-22 02:00:00+00:00,0.0
2024-01-22 03:00:00+00:00,0.0
2024-01-22 04:00:00+00:00,0.0
2024-01-22 05:00:00+00:00,0.0
2024-01-22 06:00:00+00:00,0.014558631701876466
2024-01-22 07:00:00+00:00,0.19968115196919345
2024-01-22 08:00:00+00:00,0.3934293279704263
2024-01-22 09:00:00+00:00,0.5299742121265114
2024-01-22 10:00:00+00:00,0.609591857246281
2024-01-22 11:00:00+00:00,0.0
2024-01-22 12:00:00+00:00,0.0
2024-01-22 13:00:00+00:00,0.0
2024-01-22 14:00:00+00:00,0.0
2024-01-22 15:00:00+00:00,0.0
2024-01-22 16:00:00+00:00,0.0
2024-01-22 17:00:00+00:00,0.0
2024-01-22 18:00:00+00:00,0.0
2024-01-22 19:00:00+00:00,0.0
2024-01-22 20:00:00+00:00,0.0
2024-01-22 21:00:00+00:00,0.0
2024-01-22 22:00:00+00:00,0.0
2024-01-22 23:00:00+00:00,0.0
2024-01-23 00:00:00+00:00,0.0
2024-01-23 01:00:00+00:00,0.0
2024-01-23 02:00:00+00:00,0.0
2024-01-23 03:00:00+00:00,0.0
2024-01-23 04:00:00+00:00,0.0
2024-01-23 05:00:00+00:00,0.0
2024-01-23 06:00:00+00:00,0.0
2024-01-23 07:00:00+00:00,0.0
2024-01-23 08:00:00+00:00,0.0
2024-01-23 09:00:00+00:00,0.0
2024-01-23 10:00:00+00:00,0.0
2024-01-23 11:00:00+00:00,0.0
2024-01-23 12:00:00+00:00,0.0
2024-01-23 13:00:00+00:00,0.0
2024-01-23 14:00:00+00:00,0.0
2024-01-23 15:00:00+00:00,0.0
2024-01-23 16:00:00+00:00,0.0
2024-01-23 17:00:00+00:00,0.0
2024-01-23 18:00:00+00:00,0.0
2024-01-23 19:00:00+00:00,0.0
2024-01-23 20:00:00+00:00,0.0
2024-01-23 21:00:00+00:00,0.0
2024-01-23 22:00:00+00:00,0.0
2024-01-23 23:00:00+00:00,0.0
2024-01-24 00:00:00+00:00,0.0
2024-01-24 01:00:00+00:00,0.0
2024-01-24 02:00:00+00:00,0.0
2024-01-24 03:00:00+00:00,0.0
2024-01-24 04:00:00+00:00,0.0
2024-01-24 05:00:00+00:00,0.0
2024-01-24 06:00:00+00:00,0.022283814737651137
2024-01-24 07:00:00+00:00,0.14180032388513117
2024-01-24 08:00:00+00:00,0.08112606189721328
2024-01-24 09:00:00+00:00,0.08751739209623195
2024-01-24 10:00:00+00:00,0.06874282433737973
2024-01-24 11:00:00+00:00,0.08917885397223553
2024-01-24 12:00:00+00:00,0.12263491222947066
2024-01-24 13:00:00+00:00,0.27936789717962457
2024-01-24 14:00:00+00:00,0.14576368850241572
2024-01-24 15:00:00+00:00,0.016878000097818004
2024-01-24 16:00:00+00:00,0.0
2024-01-24 17:00:00+00:00,0.0
2024-01-24 18:00:00+00:00,0.0
2024-01-24 19:00:00+00:00,0.0
2024-01-24 20:00:00+00:00,0.0
2024-01-24 21:00:00+00:00,0.0
2024-01-24 22:00:00+00:00,0.0
2024-01-24 23:00:00+00:00,0.0
2024-01-25 00:00:00+00:00,0.0
2024-01-25 01:00:00+00:00,0.0
2024-01-25 02:00:00+00:00,0.0
2024-01-25 03:00:00+00:00,0.0
2024-01-25 04:00:00+00:00,0.0
2024-01-25 05:00:00+00:00,0.0
2024-01-25 06:00:00+00:00,0.02325021979867119
2024-01-25 07:00:00+00:00,0.20778442875976136
2024-01-25 08:00:00+00:00,0.4074556978730833
2024-01-25 09:00:00+00:00,0.5596500878777785
2024-01-25 10:00:00+00:00,0.6383419088325333
2024-01-25 11:00:00+00:00,0.6342580695002159
2024-01-25 12:00:00+00:00,0.5578111164415079
2024-01-25 13:00:00+00:00,0.422561906535167
2024-01-25 14:00:00+00:00,0.19420392411999088
2024-01-25 15:00:00+00:00,0.029880701646100013
2024-01-25 16:00:00+00:00,0.0
2024-01-25 17:00:00+00:00,0.0
2024-01-25 18:00:00+00:00,0.0
2024-01-25 19:00:00+00:00,0.0
2024-01-25 20:00:00+00:00,0.0
2024-01-25 21:00:00+00:00,0.0
2024-01-25 22:00:00+00:00,0.0
2024-01-25 23:00:00+00:00,0.0
2024-01-26 00:00:00+00:00,0.0
2024-01-26 01:00:00+00:00,0.0
2024-01-26 02:00:00+00:00,0.0
2024-01-26 03:00:00+00:00,0.0
2024-01-26 04:00:00+00:00,0.0
2024-01-26 05:00:00+00:00,0.0
2024-01-26 06:00:00+00:00,0.022839287410849236
2024-01-26 07:00:00+00:00,0.12462218169806877
2024-01-26 08:00:00+00:00,0.07975865533060093
2024-01-26 09:00:00+00:00,0.07628248866848988
2024-01-26 10:00:00+00:00,0.21287432868595463
2024-01-26 11:00:00+00:00,0.4676105981880891
2024-01-26 12:00:00+00:00,0.21521497192180625
2024-01-26 13:00:00+00:00,0.3819019299161578
2024-01-26 14:00:00+00:00,0.13844136988286818
2024-01-26 15:00:00+00:00,0.03434258735770673
2024-01-26 16:00:00+00:00,0.0
2024-01-26 17:00:00+00:00,0.0
2024-01-26 18:00:00+00:00,0.0
2024-01-26 19:00:00+00:00,0.0
2024-01-26 20:00:00+00:00,0.0
2024-01-26 21:00:00+00:00,0.0
2024-01-26 22:00:00+00:00,0.0
2024-01-26 23:00:00+00:00,0.0
2024-01-27 00:00:00+00:00,0.0
2024-01-27 01:00:00+00:00,0.0
2024-01-27 02:00:00+00:00,0.0
2024-01-27 03:00:00+00:00,0.0
2024-01-27 04:00:00+00:00,0.0
2024-01-27 05:00:00+00:00,0.0
2024-01-27 06:00:00+00:00,0.021519580294145357
2024-01-27 07:00:00+00:00,0.21712090689989838
2024-01-27 08:00:00+00:00,0.4126124375031759
2024-01-27 09:00:00+00:00,0.5379028514016522
2024-01-27 10:00:00+00:00,0.6256940844776173
2024-01-27 11:00:00+00:00,0.5929014778670344
2024-01-27 12:00:00+00:00,0.4283322805082288
2024-01-27 13:00:00+00:00,0.3625371607139475
2024-01-27 14:00:00+00:00,0.1652613000109829
2024-01-27 15:00:00+00:00,0.03520288253736847
2024-01-27 16:00:00+00:00,0.0
2024-01-27 17:00:00+00:00,0.0
2024-01-27 18:00:00+00:00,0.0
2024-01-27 19:00:00+00:00,0.0
2024-01-27 20:00:00+00:00,0.0
2024-01-27 21:00:00+00:00,0.0
2024-01-27 22:00:00+00:00,0.0
2024-01-27 23:00:00+00:00,0.0
2024-01-28 00:00:00+00:00,0.0
2024-01-28 01:00:00+00:00,0.0
2024-01-28 02:00:00+00:00,0.0
2024-01-28 03:00:00+00:00,0.0
2024-01-28 04:00:00+00:00,0.0
2024-01-28 05:00:00+00:00,0.0
2024-01-28 06:00:00+00:00,0.030832559808673693
2024-01-28 07:00:00+00:00,0.12379953294378045
2024-01-28 08:00:00+00:00,0.3404114552037363
2024-01-28 09:00:00+00:00,0.5092773738198307
2024-01-28 10:00:00+00:00,0.048448557392529436
2024-01-28 11:00:00+00:00,0.04889267156998082
2024-01-28 12:00:00+00:00,0.6182858292548903
2024-01-28 13:00:00+00:00,0.41323970083073847
2024-01-28 14:00:00+00:00,0.06484451664490375
2024-01-28 15:00:00+00:00,0.03590612275718814
2024-01-28 16:00:00+00:00,0.0
2024-01-28 17:00:00+00:00,0.0
2024-01-28 18:00:00+00:00,0.0
2024-01-28 19:00:00+00:00,0.0
2024-01-28 20:00:00+00:00,0.0
2024-01-28 21:00:00+00:00,0.0
2024-01-28 22:00:00+00:00,0.0
2024-01-28 23:00:00+00:00,0.0
2024-01-29 00:00:00+00:00,0.0
2024-01-29 01:00:00+00:00,0.0
2024-01-29 02:00:00+00:00,0.0
2024-01-29 03:00:00+00:00,0.0
2024-01-29 04:00:00+00:00,0.0
2024-01-29 05:00:00+00:00,0.0
2024-01-29 06:00:00+00:00,0.038711231619966396
2024-01-29 07:00:00+00:00,0.22733072923501227
2024-01-29 08:00:00+00:00,0.21448195960552333
2024-01-29 09:00:00+00:00,0.20308983890181412
2024-01-29 10:00:00+00:00,0.06858207795864672
2024-01-29 11:00:00+00:00,0.64569798833422
2024-01-29 12:00:00+00:00,0.19482966542668576
2024-01-29 13:00:00+00:00,0.415419192307726
2024-01-29 14:00:00+00:00,0.04202303294911039
2024-01-29 15:00:00+00:00,0.029552126398762632
2024-01-29 16:00:00+00:00,0.0
2024-01-29 17:00:00+00:00,0.0
2024-01-29 18:00:00+00:00,0.0
2024-01-29 19:00:00+00:00,0.0
2024-01-29 20:00:00+00:00,0.0
2024-01-29 21:00:00+00:00,0.0
2024-01-29 22:00:00+00:00,0.0
2024-01-29 23:00:00+00:00,0.0
2024-01-30 00:00:00+00:00,0.0
2024-01-30 01:00:00+00:00,0.0
2024-01-30 02:00:00+00:00,0.0
2024-01-30 03:00:00+00:00,0.0
2024-01-30 04:00:00+00:00,0.0
2024-01-30 05:00:00+00:00,0.0
2024-01-30 06:00:00+00:00,0.038161774415966375
2024-01-30 07:00:00+00:00,0.22973948995133192
2024-01-30 08:00:00+00:00,0.4376806879648789
2024-01-30 09:00:00+00:00,0.5834918056095124
2024-01-30 10:00:00+00:00,0.665617311738028
2024-01-30 11:00:00+00:00,0.6735947030750771
2024-01-30 12:00:00+00:00,0.6067530749027632
2024-01-30 13:00:00+00:00,0.45915582859094606
2024-01-30 14:00:00+00:00,0.22370044441640993
2024-01-30 15:00:00+00:00,0.0464480996151334
2024-01-30 16:00:00+00:00,0.0
2024-01-30 17:00:00+00:00,0.0
2024-01-30 18:00:00+00:00,0.0
2024-01-30 19:00:00+00:00,0.0
2024-01-30 20:00:00+00:00,0.0
2024-01-30 21:00:00+00:00,0.0
2024-01-30 22:00:00+00:00,0.0
2024-01-30 23:00:00+00:00,0.0
2024-01-31 00:00:00+00:00,0.0
2024-01-31 01:00:00+00:00,0.0
2024-01-31 02:00:00+00:00,0.0
2024-01-31 03:00:00+00:00,0.0
2024-01-31 04:00:00+00:00,0.0
2024-01-31 05:00:00+00:00,0.0
2024-01-31 06:00:00+00:00,0.04106495865435176
2024-01-31 07:00:00+00:00,0.23172541963280893
2024-01-31 08:00:00+00:00,0.4356638347091329
2024-01-31 09:00:00+00:00,0.5908624637781149
2024-01-31 10:00:00+00:00,0.6598288349530683
2024-01-31 11:00:00+00:00,0.6674280221158237
2024-01-31 12:00:00+00:00,0.590241340162776
2024-01-31 13:00:00+00:00,0.4461702739632388
2024-01-31 14:00:00+00:00,0.22085060949139382
2024-01-31 15:00:00+00:00,0.051224706620550654
2024-01-31 16:00:00+00:00,0.0
2024-01-31 17:00:00+00:00,0.0
2024-01-31 18:00:00+00:00,0.0
2024-01-31 19:00:00+00:00,0.0
2024-01-31 20:00:00+00:00,0.0
2024-01-31 21:00:00+00:00,0.0
2024-01-31 22:00:00+00:00,0.0
2024-01-31 23:00:00+00:00,0.0
2024-02-01 00:00:00+00:00,0.0
2024-02-01 01:00:00+00:00,0.0
2024-02-01 02:00:00+00:00,0.0
2024-02-01 03:00:00+00:00,0.0
2024-02-01 04:00:00+00:00,0.0
2024-02-01 05:00:00+00:00,0.0
2024-02-01 06:00:00+00:00,0.044432519945310514
2024-02-01 07:00:00+00:00,0.22941494491675835
2024-02-01 08:00:00+00:00,0.4217222733868642
2024-02-01 09:00:00+00:00,0.5610579237976709
2024-02-01 10:00:00+00:00,0.6378241537263712
2024-02-01 11:00:00+00:00,0.6336981550674082
2024-02-01 12:00:00+00:00,0.5802313461105825
2024-02-01 13:00:00+00:00,0.42813429429078204
2024-02-01 14:00:00+00:00,0.2438338421043762
2024-02-01 15:00:00+00:00,0.04812729841581479
2024-02-01 16:00:00+00:00,0.0
2024-02-01 17:00:00+00:00,0.0
2024-02-01 18:00:00+00:00,0.0
2024-02-01 19:00:00+00:00,0.0
2024-02-01 20:00:00+00:00,0.0
2024-02-01 21:00:00+00:00,0.0
2024-02-01 22:00:00+00:00,0.0
2024-02-01 23:00:00+00:00,0.0
2024-02-02 00:00:00+00:00,0.0
2024-02-02 01:00:00+00:00,0.0
2024-02-02 02:00:00+00:00,0.0
2024-02-02 03:00:00+00:00,0.0
2024-02-02 04:00:00+00:00,0.0
2024-02-02 05:00:00+00:00,0.0
2024-02-02 06:00:00+00:00,0.04524581575356528
2024-02-02 07:00:00+00:00,0.23177872612798814
2024-02-02 08:00:00+00:00,0.42310440000287197
2024-02-02 09:00:00+00:00,0.5537789763547472
2024-02-02 10:00:00+00:00,0.6277206738348936
2024-02-02 11:00:00+00:00,0.6225795340551129
2024-02-02 12:00:00+00:00,0.5652992805968073
2024-02-02 13:00:00+00:00,0.42571868635409194
2024-02-02 14:00:00+00:00,0.24631513509283642
2024-02-02 15:00:00+00:00,0.0495367863848628
2024-02-02 16:00:00+00:00,0.0
2024-02-02 17:00:00+00:00,0.0
2024-02-02 18:00:00+00:00,0.0
2024-02-02 19:00:00+00:00,0.0
2024-02-02 20:00:00+00:00,0.0
2024-02-02 21:00:00+00:00,0.0
2024-02-02 22:00:00+00:00,0.0
2024-02-02 23:00:00+00:00,0.0
2024-02-03 00:00:00+00:00,0.0
2024-02-03 01:00:00+00:00,0.0
2024-02-03 02:00:00+00:00,0.0
2024-02-03 03:00:00+00:00,0.0
2024-02-03 04:00:00+00:00,0.0
2024-02-03 05:00:00+00:00,0.0
2024-02-03 06:00:00+00:00,0.04646847692990082
2024-02-03 07:00:00+00:00,0.23515052943147902
2024-02-03 08:00:00+00:00,0.4269077450766062
2024-02-03 09:00:00+00:00,0.5631553025129075
2024-02-03 10:00:00+00:00,0.6334059523573887
2024-02-03 11:00:00+00:00,0.629318950689277
2024-02-03 12:00:00+00:00,0.5654172502151495
2024-02-03 13:00:00+00:00,0.4327496547110214
2024-02-03 14:00:00+00:00,0.2536512137721442
2024-02-03 15:00:00+00:00,0.052648302094743964
2024-02-03 16:00:00+00:00,0.0
2024-02-03 17:00:00+00:00,0.0
2024-02-03 18:00:00+00:00,0.0
2024-02-03 19:00:00+00:00,0.0
2024-02-03 20:00:00+00:00,0.0
2024-02-03 21:00:00+00:00,0.0
2024-02-03 22:00:00+00:00,0.0
2024-02-03 23:00:00+00:00,0.0
2024-02-04 00:00:00+00:00,0.0
2024-02-04 01:00:00+00:00,0.0
2024-02-04 02:00:00+00:00,0.0
2024-02-04 03:00:00+00:00,0.0
2024-02-04 04:00:00+00:00,0.0
2024-02-04 05:00:00+00:00,0.0
2024-02-04 06:00:00+00:00,0.03174545723763464
2024-02-04 07:00:00+00:00,0.057271939944604916
2024-02-04 08:00:00+00:00,0.13043335634837247
2024-02-04 09:00:00+00:00,0.3306688221458456
2024-02-04 10:00:00+00:00,0.4489311953514484
2024-02-04 11:00:00+00:00,0.5594519773641082
2024-02-04 12:00:00+00:00,0.31668083646562595
2024-02-04 13:00:00+00:00,0.3737396650811733
2024-02-04 14:00:00+00:00,0.17447335974074285
2024-02-04 15:00:00+00:00,0.04061726016518369
2024-02-04 16:00:00+00:00,0.0
2024-02-04 17:00:00+00:00,0.0
2024-02-04 18:00:00+00:00,0.0
2024-02-04 19:00:00+00:00,0.0
2024-02-04 20:00:00+00:00,0.0
2024-02-04 21:00:00+00:00,0.0
2024-02-04 22:00:00+00:00,0.0
2024-02-04 23:00:00+00:00,0.0
2024-02-05 00:00:00+00:00,0.0
2024-02-05 01:00:00+00:00,0.0
2024-02-05 02:00:00+00:00,0.0
2024-02-05 03:00:00+00:00,0.0
2024-02-05 04:00:00+00:00,0.0
2024-02-05 05:00:00+00:00,0.0
2024-02-05 06:00:00+00:00,0.001115109774075385
2024-02-05 07:00:00+00:00,0.17683072509439005
2024-02-05 08:00:00+00:00,0.11843247148890437
2024-02-05 09:00:00+00:00,0.15727505274183434
2024-02-05 10:00:00+00:00,0.12847582344256048
2024-02-05 11:00:00+00:00,0.1839890071549809
2024-02-05 12:00:00+00:00,0.30674377944543285
2024-02-05 13:00:00+00:00,0.16403397396729097
2024-02-05 14:00:00+00:00,0.2255439541215338
2024-02-05 15:00:00+00:00,0.06709750612377614
2024-02-05 16:00:00+00:00,0.0
2024-02-05 17:00:00+00:00,0.0
2024-02-05 18:00:00+00:00,0.0
2024-02-05 19:00:00+00:00,0.0
2024-02-05 20:00:00+00:00,0.0
2024-02-05 21:00:00+00:00,0.0
2024-02-05 22:00:00+00:00,0.0
2024-02-05 23:00:00+00:00,0.0
2024-02-06 00:00:00+00:00,0.0
2024-02-06 01:00:00+00:00,0.0
2024-02-06 02:00:00+00:00,0.0
2024-02-06 03:00:00+00:00,0.0
2024-02-06 04:00:00+00:00,0.0
2024-02-06 05:00:00+00:00,0.0
2024-02-06 06:00:00+00:00,0.04745431905666104
2024-02-06 07:00:00+00:00,0.13105370198926314
2024-02-06 08:00:00+00:00,0.33042708519079306
2024-02-06 09:00:00+00:00,0.5686326204546398
2024-02-06 10:00:00+00:00,0.6923360093052213
2024-02-06 11:00:00+00:00,0.6901608920319728
2024-02-06 12:00:00+00:00,0.6250409569858206
2024-02-06 13:00:00+00:00,0.4775621322556574
2024-02-06 14:00:00+00:00,0.280515999443433
2024-02-06 15:00:00+00:00,0.06799803270906728
2024-02-06 16:00:00+00:00,0.0
2024-02-06 17:00:00+00:00,0.0
2024-02-06 18:00:00+00:00,0.0
2024-02-06 19:00:00+00:00,0.0
2024-02-06 20:00:00+00:00,0.0
2024-02-06 21:00:00+00:00,0.0
2024-02-06 22:00:00+00:00,0.0
2024-02-06 23:00:00+00:00,0.0
2024-02-07 00:00:00+00:00,0.0
2024-02-07 01:00:00+00:00,0.0
2024-02-07 02:00:00+00:00,0.0
2024-02-07 03:00:00+00:00,0.0
2024-02-07 04:00:00+00:00,0.0
2024-02-07 05:00:00+00:00,0.0
2024-02-07 06:00:00+00:00,0.0610090659946124
2024-02-07 07:00:00+00:00,0.2594564341515617
2024-02-07 08:00:00+00:00,0.46830198308898574
2024-02-07 09:00:00+00:00,0.5705396254196659
2024-02-07 10:00:00+00:00,0.5311370017714817
2024-02-07 11:00:00+00:00,0.6233943853668287
2024-02-07 12:00:00+00:00,0.6214368341255562
2024-02-07 13:00:00+00:00,0.4775966310870304
2024-02-07 14:00:00+00:00,0.2925747290245529
2024-02-07 15:00:00+00:00,0.07339662566461552
2024-02-07 16:00:00+00:00,0.0
2024-02-07 17:00:00+00:00,0.0
2024-02-07 18:00:00+00:00,0.0
2024-02-07 19:00:00+00:00,0.0
2024-02-07 20:00:00+00:00,0.0
2024-02-07 21:00:00+00:00,0.0
2024-02-07 22:00:00+00:00,0.0
2024-02-07 23:00:00+00:00,0.0
2024-02-08 00:00:00+00:00,0.0
2024-02-08 01:00:00+00:00,0.0
2024-02-08 02:00:00+00:00,0.0
2024-02-08 03:00:00+00:00,0.0
2024-02-08 04:00:00+00:00,0.0
2024-02-08 05:00:00+00:00,0.0
2024-02-08 06:00:00+00:00,0.06510168856935566
2024-02-08 07:00:00+00:00,0.25436884411984934
2024-02-08 08:00:00+00:00,0.3629392141373876
2024-02-08 09:00:00+00:00,0.5479326241953826
2024-02-08 10:00:00+00:00,0.6374377048705147
2024-02-08 11:00:00+00:00,0.6564102635668215
2024-02-08 12:00:00+00:00,0.6481205175257515
2024-02-08 13:00:00+00:00,0.5114513191774503
2024-02-08 14:00:00+00:00,0.2592032239204469
2024-02-08 15:00:00+00:00,0.08267593832931457
2024-02-08 16:00:00+00:00,0.0
2024-02-08 17:00:00+00:00,0.0
2024-02-08 18:00:00+00:00,0.0
2024-02-08 19:00:00+00:00,0.0
2024-02-08 20:00:00+00:00,0.0
2024-02-08 21:00:00+00:00,0.0
2024-02-08 22:00:00+00:00,0.0
2024-02-08 23:00:00+00:00,0.0
2024-02-09 00:00:00+00:00,0.0
2024-02-09 01:00:00+00:00,0.0
2024-02-09 02:00:00+00:00,0.0
2024-02-09 03:00:00+00:00,0.0
2024-02-09 04:00:00+00:00,0.0
2024-02-09 05:00:00+00:00,0.0
2024-02-09 06:00:00+00:00,0.06791836527804421
2024-02-09 07:00:00+00:00,0.268409869020982
2024-02-09 08:00:00+00:00,0.4677208369245736
2024-02-09 09:00:00+00:00,0.5608843505684572
2024-02-09 10:00:00+00:00,0.6725406026899922
2024-02-09 11:00:00+00:00,0.6962429329612779
2024-02-09 12:00:00+00:00,0.6425901237860397
2024-02-09 13:00:00+00:00,0.500888571985199
2024-02-09 14:00:00+00:00,0.30696286062443884
2024-02-09 15:00:00+00:00,0.07988021174592103
2024-02-09 16:00:00+00:00,0.0
2024-02-09 17:00:00+00:00,0.0
2024-02-09 18:00:00+00:00,0.0
2024-02-09 19:00:00+00:00,0.0
2024-02-09 20:00:00+00:00,0.0
2024-02-09 21:00:00+00:00,0.0
2024-02-09 22:00:00+00:00,0.0
2024-02-09 23:00:00+00:00,0.0
2024-02-10 00:00:00+00:00,0.0
2024-02-10 01:00:00+00:00,0.0
2024-02-10 02:00:00+00:00,0.0
2024-02-10 03:00:00+00:00,0.0
2024-02-10 04:00:00+00:00,0.0
2024-02-10 05:00:00+00:00,0.0
2024-02-10 06:00:00+00:00,0.0606506496555894
2024-02-10 07:00:00+00:00,0.17200355784340018
2024-02-10 08:00:00+00:00,0.29145335902013614
2024-02-10 09:00:00+00:00,0.15230998851882535
2024-02-10 10:00:00+00:00,0.24122640145354982
2024-02-10 11:00:00+00:00,0.10050763295674671
2024-02-10 12:00:00+00:00,0.09248113899799683
2024-02-10 13:00:00+00:00,0.061628471578558844
2024-02-10 14:00:00+00:00,0.041621994166626465
2024-02-10 15:00:00+00:00,0.012510775506340516
2024-02-10 16:00:00+00:00,0.0
2024-02-10 17:00:00+00:00,0.0
2024-02-10 18:00:00+00:00,0.0
2024-02-10 19:00:00+00:00,0.0
2024-02-10 20:00:00+00:00,0.0
2024-02-10 21:00:00+00:00,0.0
2024-02-10 22:00:00+00:00,0.0
2024-02-10 23:00:00+00:00,0.0
2024-02-11 00:00:00+00:00,0.0
2024-02-11 01:00:00+00:00,0.0
2024-02-11 02:00:00+00:00,0.0
2024-02-11 03:00:00+00:00,0.0
2024-02-11 04:00:00+00:00,0.0
2024-02-11 05:00:00+00:00,0.0
2024-02-11 06:00:00+00:00,0.0697999379389852
2024-02-11 07:00:00+00:00,0.27076068298032
2024-02-11 08:00:00+00:00,0.47329513468846857
2024-02-11 09:00:00+00:00,0.6141397521404756
2024-02-11 10:00:00+00:00,0.6887413957586183
2024-02-11 11:00:00+00:00,0.6869873091620539
2024-02-11 12:00:00+00:00,0.6244848097138704
2024-02-11 13:00:00+00:00,0.47459576138513154
2024-02-11 14:00:00+00:00,0.2997147411578584
2024-02-11 15:00:00+00:00,0.07853687220166204
2024-02-11 16:00:00+00:00,0.0
2024-02-11 17:00:00+00:00,0.0
2024-02-11 18:00:00+00:00,0.0
2024-02-11 19:00:00+00:00,0.0
2024-02-11 20:00:00+00:00,0.0
2024-02-11 21:00:00+00:00,0.0
2024-02-11 22:00:00+00:00,0.0
2024-02-11 23:00:00+00:00,0.0
2024-02-12 00:00:00+00:00,0.0
2024-02-12 01:00:00+00:00,0.0
2024-02-12 02:00:00+00:00,0.0
2024-02-12 03:00:00+00:00,0.0
2024-02-12 04:00:00+00:00,0.0
2024-02-12 05:00:00+00:00,0.0
2024-02-12 06:00:00+00:00,0.06690773182633435
2024-02-12 07:00:00+00:00,0.21474568784220396
2024-02-12 08:00:00+00:00,0.4390473112529927
2024-02-12 09:00:00+00:00,0.5199449046044045
2024-02-12 10:00:00+00:00,0.5929872436758631
2024-02-12 11:00:00+00:00,0.4632706476786795
2024-02-12 12:00:00+00:00,0.24391802260607798
2024-02-12 13:00:00+00:00,0.25626869074498515
2024-02-12 14:00:00+00:00,0.08401608140569561
2024-02-12 15:00:00+00:00,0.013215069851803773
2024-02-12 16:00:00+00:00,0.0
2024-02-12 17:00:00+00:00,0.0
2024-02-12 18:00:00+00:00,0.0
2024-02-12 19:00:00+00:00,0.0
2024-02-12 20:00:00+00:00,0.0
2024-02-12 21:00:00+00:00,0.0
2024-02-12 22:00:00+00:00,0.0
2024-02-12 23:00:00+00:00,0.0
2024-02-13 00:00:00+00:00,0.0
2024-02-13 01:00:00+00:00,0.0
2024-02-13 02:00:00+00:00,0.0
2024-02-13 03:00:00+00:00,0.0
2024-02-13 04:00:00+00:00,0.0
2024-02-13 05:00:00+00:00,0.0
2024-02-13 06:00:00+00:00,0.06005596629511916
2024-02-13 07:00:00+00:00,0.26563829978989023
2024-02-13 08:00:00+00:00,0.3253785242205438
2024-02-13 09:00:00+00:00,0.47018073119499565
2024-02-13 10:00:00+00:00,0.502764187236577
2024-02-13 11:00:00+00:00,0.6243554151576285
2024-02-13 12:00:00+00:00,0.4515857030330658
2024-02-13 13:00:00+00:00,0.322389824075057
2024-02-13 14:00:00+00:00,0.08180022187089202
2024-02-13 15:00:00+00:00,0.08435685905537817
2024-02-13 16:00:00+00:00,0.0
2024-02-13 17:00:00+00:00,0.0
2024-02-13 18:00:00+00:00,0.0
2024-02-13 19:00:00+00:00,0.0
2024-02-13 20:00:00+00:00,0.0
2024-02-13 21:00:00+00:00,0.0
2024-02-13 22:00:00+00:00,0.0
2024-02-13 23:00:00+00:00,0.0
2024-02-14 00:00:00+00:00,0.0
2024-02-14 01:00:00+00:00,0.0
2024-02-14 02:00:00+00:00,0.0
2024-02-14 03:00:00+00:00,0.0
2024-02-14 04:00:00+00:00,0.0
2024-02-14 05:00:00+00:00,0.0
2024-02-14 06:00:00+00:00,0.03627866089182609
2024-02-14 07:00:00+00:00,0.21610194639076175
2024-02-14 08:00:00+00:00,0.42624699016116363
2024-02-14 09:00:00+00:00,0.5111283495797531
2024-02-14 10:00:00+00:00,0.5953646595325414
2024-02-14 11:00:00+00:00,0.6489422858610528
2024-02-14 12:00:00+00:00,0.514354259570953
2024-02-14 13:00:00+00:00,0.2579805367005477
2024-02-14 14:00:00+00:00,0.26564512023658526
2024-02-14 15:00:00+00:00,0.10076249875037835
2024-02-14 16:00:00+00:00,0.0
2024-02-14 17:00:00+00:00,0.0
2024-02-14 18:00:00+00:00,0.0
2024-02-14 19:00:00+00:00,0.0
2024-02-14 20:00:00+00:00,0.0
2024-02-14 21:00:00+00:00,0.0
2024-02-14 22:00:00+00:00,0.0
2024-02-14 23:00:00+00:00,0.0
2024-02-15 00:00:00+00:00,0.0
2024-02-15 01:00:00+00:00,0.0
2024-02-15 02:00:00+00:00,0.0
2024-02-15 03:00:00+00:00,0.0
2024-02-15 04:00:00+00:00,0.0
2024-02-15 05:00:00+00:00,0.0
2024-02-15 06:00:00+00:00,0.08366514469397718
2024-02-15 07:00:00+00:00,0.2823965307579922
2024-02-15 08:00:00+00:00,0.47510677084241926
2024-02-15 09:00:00+00:00,0.6238940110440945
2024-02-15 10:00:00+00:00,0.6844984993755225
2024-02-15 11:00:00+00:00,0.7037565511963875
2024-02-15 12:00:00+00:00,0.5885866663910024
2024-02-15 13:00:00+00:00,0.2929303976163628
2024-02-15 14:00:00+00:00,0.24539022563408816
2024-02-15 15:00:00+00:00,0.06529511296311631
2024-02-15 16:00:00+00:00,0.0
2024-02-15 17:00:00+00:00,0.0
2024-02-15 18:00:00+00:00,0.0
2024-02-15 19:00:00+00:00,0.0
2024-02-15 20:00:00+00:00,0.0
2024-02-15 21:00:00+00:00,0.0
2024-02-15 22:00:00+00:00,0.0
2024-02-15 23:00:00+00:00,0.0
2024-02-16 00:00:00+00:00,0.0
2024-02-16 01:00:00+00:00,0.0
2024-02-16 02:00:00+00:00,0.0
2024-02-16 03:00:00+00:00,0.0
2024-02-16 04:00:00+00:00,0.0
2024-02-16 05:00:00+00:00,0.0
2024-02-16 06:00:00+00:00,0.08837521247880271
2024-02-16 07:00:00+00:00,0.2950226788657292
2024-02-16 08:00:00+00:00,0.48490898829430973
2024-02-16 09:00:00+00:00,0.6268579415124094
2024-02-16 10:00:00+00:00,0.687771442664387
2024-02-16 11:00:00+00:00,0.695953862820384
2024-02-16 12:00:00+00:00,0.6296108750874507
2024-02-16 13:00:00+00:00,0.47788623777689215
2024-02-16 14:00:00+00:00,0.10481233748463659
2024-02-16 15:00:00+00:00,0.08291994183820871
2024-02-16 16:00:00+00:00,0.0
2024-02-16 17:00:00+00:00,0.0
2024-02-16 18:00:00+00:00,0.0
2024-02-16 19:00:00+00:00,0.0
2024-02-16 20:00:00+00:00,0.0
2024-02-16 21:00:00+00:00,0.0
2024-02-16 22:00:00+00:00,0.0
2024-02-16 23:00:00+00:00,0.0
2024-02-17 00:00:00+00:00,0.0
2024-02-17 01:00:00+00:00,0.0
2024-02-17 02:00:00+00:00,0.0
2024-02-17 03:00:00+00:00,0.0
2024-02-17 04:00:00+00:00,0.0
2024-02-17 05:00:00+00:00,0.0
2024-02-17 06:00:00+00:00,0.06202445916625182
2024-02-17 07:00:00+00:00,0.23761858136265546
2024-02-17 08:00:00+00:00,0.3541628101570858
2024-02-17 09:00:00+00:00,0.34566802413853964
2024-02-17 10:00:00+00:00,0.6704017940406503
2024-02-17 11:00:00+00:00,0.6168048823687883
2024-02-17 12:00:00+00:00,0.6599206416214914
2024-02-17 13:00:00+00:00,0.45924411412506144
2024-02-17 14:00:00+00:00,0.23494570522210426
2024-02-17 15:00:00+00:00,0.09193851037410236
2024-02-17 16:00:00+00:00,0.0
2024-02-17 17:00:00+00:00,0.0
2024-02-17 18:00:00+00:00,0.0
2024-02-17 19:00:00+00:00,0.0
2024-02-17 20:00:00+00:00,0.0
2024-02-17 21:00:00+00:00,0.0
2024-02-17 22:00:00+00:00,0.0
2024-02-17 23:00:00+00:00,0.0
2024-02-18 00:00:00+00:00,0.0
2024-02-18 01:00:00+00:00,0.0
2024-02-18 02:00:00+00:00,0.0
2024-02-18 03:00:00+00:00,0.0
2024-02-18 04:00:00+00:00,0.0
2024-02-18 05:00:00+00:00,0.0
2024-02-18 06:00:00+00:00,0.08673935283574125
2024-02-18 07:00:00+00:00,0.31020857788297507
2024-02-18 08:00:00+00:00,0.45157555160839363
2024-02-18 09:00:00+00:00,0.6247909712950354
2024-02-18 10:00:00+00:00,0.5389973503718398
2024-02-18 11:00:00+00:00,0.6955287398154837
2024-02-18 12:00:00+00:00,0.09333172926668301
2024-02-18 13:00:00+00:00,0.23389463640452385
2024-02-18 14:00:00+00:00,0.04428282555959593
2024-02-18 15:00:00+00:00,0.05964291465620692
2024-02-18 16:00:00+00:00,0.0
2024-02-18 17:00:00+00:00,0.0
2024-02-18 18:00:00+00:00,0.0
2024-02-18 19:00:00+00:00,0.0
2024-02-18 20:00:00+00:00,0.0
2024-02-18 21:00:00+00:00,0.0
2024-02-18 22:00:00+00:00,0.0
2024-02-18 23:00:00+00:00,0.0
2024-02-19 00:00:00+00:00,0.0
2024-02-19 01:00:00+00:00,0.0
2024-02-19 02:00:00+00:00,0.0
2024-02-19 03:00:00+00:00,0.0
2024-02-19 04:00:00+00:00,0.0
2024-02-19 05:00:00+00:00,0.0
2024-02-19 06:00:00+00:00,0.09978270239696219
2024-02-19 07:00:00+00:00,0.3126782416046047
2024-02-19 08:00:00+00:00,0.5137642300491728
2024-02-19 09:00:00+00:00,0.6478610185892968
2024-02-19 10:00:00+00:00,0.7288564588051379
2024-02-19 11:00:00+00:00,0.7271255408615944
2024-02-19 12:00:00+00:00,0.6538711711705604
2024-02-19 13:00:00+00:00,0.5249789742112447
2024-02-19 14:00:00+00:00,0.3438720611892101
2024-02-19 15:00:00+00:00,0.11556814615105342
2024-02-19 16:00:00+00:00,0.0
2024-02-19 17:00:00+00:00,0.0
2024-02-19 18:00:00+00:00,0.0
2024-02-19 19:00:00+00:00,0.0
2024-02-19 20:00:00+00:00,0.0
2024-02-19 21:00:00+00:00,0.0
2024-02-19 22:00:00+00:00,0.0
2024-02-19 23:00:00+00:00,0.0
2024-02-20 00:00:00+00:00,0.0
2024-02-20 01:00:00+00:00,0.0
2024-02-20 02:00:00+00:00,0.0
2024-02-20 03:00:00+00:00,0.0
2024-02-20 04:00:00+00:00,0.0
2024-02-20 05:00:00+00:00,0.0
2024-02-20 06:00:00+00:00,0.10464426109778373
2024-02-20 07:00:00+00:00,0.3232562693525894
2024-02-20 08:00:00+00:00,0.5235427456107293
2024-02-20 09:00:00+00:00,0.6573599104102005
2024-02-20 10:00:00+00:00,0.7285597436639187
2024-02-20 11:00:00+00:00,0.7290325195159721
2024-02-20 12:00:00+00:00,0.6504471204625351
2024-02-20 13:00:00+00:00,0.5371726046380657
2024-02-20 14:00:00+00:00,0.24074919623469587
2024-02-20 15:00:00+00:00,0.0714199468944975
2024-02-20 16:00:00+00:00,0.0
2024-02-20 17:00:00+00:00,0.0
2024-02-20 18:00:00+00:00,0.0
2024-02-20 19:00:00+00:00,0.0
2024-02-20 20:00:00+00:00,0.0
2024-02-20 21:00:00+00:00,0.0
2024-02-20 22:00:00+00:00,0.0
2024-02-20 23:00:00+00:00,0.0
2024-02-21 00:00:00+00:00,0.0
2024-02-21 01:00:00+00:00,0.0
2024-02-21 02:00:00+00:00,0.0
2024-02-21 03:00:00+00:00,0.0
2024-02-21 04:00:00+00:00,0.0
2024-02-21 05:00:00+00:00,0.0
2024-02-21 06:00:00+00:00,0.10476357194304561
2024-02-21 07:00:00+00:00,0.3173886939791607
2024-02-21 08:00:00+00:00,0.5461598140166165
2024-02-21 09:00:00+00:00,0.6736361215733242
2024-02-21 10:00:00+00:00,0.7543893004351353
2024-02-21 11:00:00+00:00,0.7530417441215527
2024-02-21 12:00:00+00:00,0.6637599993246538
2024-02-21 13:00:00+00:00,0.5524196067374081
2024-02-21 14:00:00+00:00,0.3661179201673903
2024-02-21 15:00:00+00:00,0.12660487919526617
2024-02-21 16:00:00+00:00,0.0
2024-02-21 17:00:00+00:00,0.0
2024-02-21 18:00:00+00:00,0.0
2024-02-21 19:00:00+00:00,0.0
2024-02-21 20:00:00+00:00,0.0
2024-02-21 21:00:00+00:00,0.0
2024-02-21 22:00:00+00:00,0.0
2024-02-21 23:00:00+00:00,0.0
2024-02-22 00:00:00+00:00,0.0
2024-02-22 01:00:00+00:00,0.0
2024-02-22 02:00:00+00:00,0.0
2024-02-22 03:00:00+00:00,0.0
2024-02-22 04:00:00+00:00,0.0
2024-02-22 05:00:00+00:00,0.0
2024-02-22 06:00:00+00:00,0.11248909280017544
2024-02-22 07:00:00+00:00,0.3392474588625821
2024-02-22 08:00:00+00:00,0.5367127382067927
2024-02-22 09:00:00+00:00,0.674103120453995
2024-02-22 10:00:00+00:00,0.7369346850187405
2024-02-22 11:00:00+00:00,0.7282767585465995
2024-02-22 12:00:00+00:00,0.6768715122287043
2024-02-22 13:00:00+00:00,0.5778706664850348
2024-02-22 14:00:00+00:00,0.37249382587498087
2024-02-22 15:00:00+00:00,0.1365660293495395
2024-02-22 16:00:00+00:00,0.0
2024-02-22 17:00:00+00:00,0.0
2024-02-22 18:00:00+00:00,0.0
2024-02-22 19:00:00+00:00,0.0
2024-02-22 20:00:00+00:00,0.0
2024-02-22 21:00:00+00:00,0.0
2024-02-22 22:00:00+00:00,0.0
2024-02-22 23:00:00+00:00,0.0
2024-02-23 00:00:00+00:00,0.0
2024-02-23 01:00:00+00:00,0.0
2024-02-23 02:00:00+00:00,0.0
2024-02-23 03:00:00+00:00,0.0
2024-02-23 04:00:00+00:00,0.0
2024-02-23 05:00:00+00:00,0.0
2024-02-23 06:00:00+00:00,0.11855718518638232
2024-02-23 07:00:00+00:00,0.34298010260493833
2024-02-23 08:00:00+00:00,0.5407728016234399
2024-02-23 09:00:00+00:00,0.6705023037088402
2024-02-23 10:00:00+00:00,0.740352799655804
2024-02-23 11:00:00+00:00,0.7448385132383436
2024-02-23 12:00:00+00:00,0.670484093697574
2024-02-23 13:00:00+00:00,0.5693227079897595
2024-02-23 14:00:00+00:00,0.3840172135280154
2024-02-23 15:00:00+00:00,0.13916884840474017
2024-02-23 16:00:00+00:00,0.0
2024-02-23 17:00:00+00:00,0.0
2024-02-23 18:00:00+00:00,0.0
2024-02-23 19:00:00+00:00,0.0
2024-02-23 20:00:00+00:00,0.0
2024-02-23 21:00:00+00:00,0.0
2024-02-23 22:00:00+00:00,0.0
2024-02-23 23:00:00+00:00,0.0
2024-02-24 00:00:00+00:00,0.0
2024-02-24 01:00:00+00:00,0.0
2024-02-24 02:00:00+00:00,0.0
2024-02-24 03:00:00+00:00,0.0
2024-02-24 04:00:00+00:00,0.0
2024-02-24 05:00:00+00:00,0.0
2024-02-24 06:00:00+00:00,0.04941702186824428
2024-02-24 07:00:00+00:00,0.12310621076588205
2024-02-24 08:00:00+00:00,0.10844188416547274
2024-02-24 09:00:00+00:00,0.15516085317539444
2024-02-24 10:00:00+00:00,0.39245691935739724
2024-02-24 11:00:00+00:00,0.3859882624403332
2024-02-24 12:00:00+00:00,0.530454353925894
2024-02-24 13:00:00+00:00,0.5686305564289245
2024-02-24 14:00:00+00:00,0.16567450628495406
2024-02-24 15:00:00+00:00,0.062895162625377
2024-02-24 16:00:00+00:00,0.0
2024-02-24 17:00:00+00:00,0.0
2024-02-24 18:00:00+00:00,0.0
2024-02-24 19:00:00+00:00,0.0
2024-02-24 20:00:00+00:00,0.0
2024-02-24 21:00:00+00:00,0.0
2024-02-24 22:00:00+00:00,0.0
2024-02-24 23:00:00+00:00,0.0
2024-02-25 00:00:00+00:00,0.0
2024-02-25 01:00:00+00:00,0.0
2024-02-25 02:00:00+00:00,0.0
2024-02-25 03:00:00+00:00,0.0
2024-02-25 04:00:00+00:00,0.0
2024-02-25 05:00:00+00:00,0.0
2024-02-25 06:00:00+00:00,0.12889588371544797
2024-02-25 07:00:00+00:00,0.357736184348497
2024-02-25 08:00:00+00:00,0.5575348270483492
2024-02-25 09:00:00+00:00,0.6890225525676955
2024-02-25 10:00:00+00:00,0.7614053280256033
2024-02-25 11:00:00+00:00,0.7599911844713512
2024-02-25 12:00:00+00:00,0.6917572295215515
2024-02-25 13:00:00+00:00,0.5669807578427596
2024-02-25 14:00:00+00:00,0.38915552290275873
2024-02-25 15:00:00+00:00,0.14518321274781287
2024-02-25 16:00:00+00:00,0.0
2024-02-25 17:00:00+00:00,0.0
2024-02-25 18:00:00+00:00,0.0
2024-02-25 19:00:00+00:00,0.0
2024-02-25 20:00:00+00:00,0.0
2024-02-25 21:00:00+00:00,0.0
2024-02-25 22:00:00+00:00,0.0
2024-02-25 23:00:00+00:00,0.0
2024-02-26 00:00:00+00:00,0.0
2024-02-26 01:00:00+00:00,0.0
2024-02-26 02:00:00+00:00,0.0
2024-02-26 03:00:00+00:00,0.0
2024-02-26 04:00:00+00:00,0.0
2024-02-26 05:00:00+00:00,0.0
2024-02-26 06:00:00+00:00,0.12336861230963941
2024-02-26 07:00:00+00:00,0.3307105927203815
2024-02-26 08:00:00+00:00,0.4672174184084623
2024-02-26 09:00:00+00:00,0.6705460822253274
2024-02-26 10:00:00+00:00,0.7528798021557739
2024-02-26 11:00:00+00:00,0.7685900488129715
2024-02-26 12:00:00+00:00,0.6884845832762283
2024-02-26 13:00:00+00:00,0.583761389810593
2024-02-26 14:00:00+00:00,0.39901008001911226
2024-02-26 15:00:00+00:00,0.15489173225086625
2024-02-26 16:00:00+00:00,0.0
2024-02-26 17:00:00+00:00,0.0
2024-02-26 18:00:00+00:00,0.0
2024-02-26 19:00:00+00:00,0.0
2024-02-26 20:00:00+00:00,0.0
2024-02-26 21:00:00+00:00,0.0
2024-02-26 22:00:00+00:00,0.0
2024-02-26 23:00:00+00:00,0.0
2024-02-27 00:00:00+00:00,0.0
2024-02-27 01:00:00+00:00,0.0
2024-02-27 02:00:00+00:00,0.0
2024-02-27 03:00:00+00:00,0.0
2024-02-27 04:00:00+00:00,0.0
2024-02-27 05:00:00+00:00,0.0
2024-02-27 06:00:00+00:00,0.14093054000907498
2024-02-27 07:00:00+00:00,0.36902297805138423
2024-02-27 08:00:00+00:00,0.5703368575490833
2024-02-27 09:00:00+00:00,0.7054681903642344
2024-02-27 10:00:00+00:00,0.779220777702581
2024-02-27 11:00:00+00:00,0.787903898310464
2024-02-27 12:00:00+00:00,0.0
2024-02-27 13:00:00+00:00,0.5921590864770415
2024-02-27 14:00:00+00:00,0.39149690574799756
2024-02-27 15:00:00+00:00,0.16363535638841561
2024-02-27 16:00:00+00:00,0.0
2024-02-27 17:00:00+00:00,0.0
2024-02-27 18:00:00+00:00,0.0
2024-02-27 19:00:00+00:00,0.0
2024-02-27 20:00:00+00:00,0.0
2024-02-27 21:00:00+00:00,0.0
2024-02-27 22:00:00+00:00,0.0
2024-02-27 23:00:00+00:00,0.0
2024-02-28 00:00:00+00:00,0.0
2024-02-28 01:00:00+00:00,0.0
2024-02-28 02:00:00+00:00,0.0
2024-02-28 03:00:00+00:00,0.0
2024-02-28 04:00:00+00:00,0.0
2024-02-28 05:00:00+00:00,0.0
2024-02-28 06:00:00+00:00,0.14428826784229717
2024-02-28 07:00:00+00:00,0.37269715499316797
2024-02-28 08:00:00+00:00,0.5540185488486298
2024-02-28 09:00:00+00:00,0.7016314991478444
2024-02-28 10:00:00+00:00,0.7807561559142242
2024-02-28 11:00:00+00:00,0.7936634643867972
2024-02-28 12:00:00+00:00,0.0
2024-02-28 13:00:00+00:00,0.599354772753673
2024-02-28 14:00:00+00:00,0.3242405952024763
2024-02-28 15:00:00+00:00,0.16222984487605668
2024-02-28 16:00:00+00:00,0.0
2024-02-28 17:00:00+00:00,0.0
2024-02-28 18:00:00+00:00,0.0
2024-02-28 19:00:00+00:00,0.0
2024-02-28 20:00:00+00:00,0.0
2024-02-28 21:00:00+00:00,0.0
2024-02-28 22:00:00+00:00,0.0
2024-02-28 23:00:00+00:00,0.0
2024-02-29 00:00:00+00:00,0.0
2024-02-29 01:00:00+00:00,0.0
2024-02-29 02:00:00+00:00,0.0
2024-02-29 03:00:00+00:00,0.0
2024-02-29 04:00:00+00:00,0.0
2024-02-29 05:00:00+00:00,0.0
2024-02-29 06:00:00+00:00,0.148607205605588
2024-02-29 07:00:00+00:00,0.0
2024-02-29 08:00:00+00:00,0.0
2024-02-29 09:00:00+00:00,0.0
2024-02-29 10:00:00+00:00,0.0
2024-02-29 11:00:00+00:00,0.0
2024-02-29 12:00:00+00:00,0.0
2024-02-29 13:00:00+00:00,0.0
2024-02-29 14:00:00+00:00,0.0
2024-02-29 15:00:00+00:00,0.0
2024-02-29 16:00:00+00:00,0.0
2024-02-29 17:00:00+00:00,0.0
2024-02-29 18:00:00+00:00,0.0
2024-02-29 19:00:00+00:00,0.0
2024-02-29 20:00:00+00:00,0.0
2024-02-29 21:00:00+00:00,0.0
2024-02-29 22:00:00+00:00,0.0
2024-02-29 23:00:00+00:00,0.0
